percentuale_uso_rounded,alfa,veicoli,tempo_medio_parcheggio_B_heatmap,tempo_medio_ricerca_posteggio_heatmap,distanza_parcheggio_punto_B_heatmap,tempo_medio_parcheggio_B,tempo_medio_ricerca_posteggio,distanza_parcheggio_punto_B
50,0.2,300,164.505,29.663999999999998,78.888,158.775,88.297,121.678
50,0.3,300,160.114,33.781,82.14099999999999,157.86100000000002,92.044,126.968
50,0.4,300,161.184,34.368,85.751,158.33499999999998,91.95599999999999,119.672
50,0.5,300,160.072,35.319,84.356,154.93200000000002,87.784,126.23799999999999
50,0.6,300,162.692,32.211,81.72200000000001,154.283,92.58,122.19000000000001
50,0.7,300,162.14100000000002,34.918,86.32300000000001,161.08599999999998,92.398,124.227
50,0.8,300,162.063,34.022000000000006,82.897,161.72899999999998,87.29299999999999,127.21
