VehicleID,EdgeID,X,Y
carflow.0,E5,21.429499225015377,-5.4011143205008665
carflow.1,-E10,-67.80957283173991,-4.913531868176669
carflow.2,E6,93.32186676676334,-15.525021844558623
carflow.3,E3,27.82704350232538,60.23752852386926
carflow.4,E8,82.49346753105847,-25.207033663708422
