percentuale_uso_rounded,tempo_medio_parcheggio_B_heatmap,tempo_medio_ricerca_posteggio_heatmap,distanza_parcheggio_punto_B_heatmap,tempo_medio_parcheggio_B,tempo_medio_ricerca_posteggio,distanza_parcheggio_punto_B
0,,,,130.93099999999998,57.056,117.22
25,129.677,9.693,222.33199999999997,129.748,56.988,114.78299999999999
50,133.26600000000002,7.49,227.298,129.283,56.11900000000001,116.316
75,124.828,8.15,174.143,130.862,57.035000000000004,114.612
100,123.098,8.295,164.35999999999999,,,
