percentuale_uso_rounded,alfa,veicoli,tempo_medio_parcheggio_B_heatmap,tempo_medio_ricerca_posteggio_heatmap,distanza_parcheggio_punto_B_heatmap,tempo_medio_parcheggio_B,tempo_medio_ricerca_posteggio,distanza_parcheggio_punto_B
50,0.2,300,159.434,144.87,131.598,153.131,190.68900000000002,167.798
50,0.3,300,152.85,145.418,137.453,160.154,198.973,170.42000000000002
50,0.4,300,159.911,154.291,145.154,154.207,205.858,171.15699999999998
50,0.5,300,160.216,136.375,141.991,150.07999999999998,207.754,170.92000000000002
50,0.6,300,158.341,134.10399999999998,140.264,150.628,192.249,171.6
50,0.7,300,156.199,133.902,147.871,153.31900000000002,194.152,167.83499999999998
50,0.8,300,158.302,141.23899999999998,149.423,154.44,189.598,169.981
